Account.External_Id__c,External_id__c,LastName,FirstName,Salutation,OtherStreet,OtherCity,OtherState,OtherPostalCode,OtherCountry,OtherLatitude,OtherLongitude,OtherGeocodeAccuracy,MailingStreet,MailingCity,MailingState,MailingPostalCode,MailingCountry,MailingLatitude,MailingLongitude,MailingGeocodeAccuracy,Phone,Fax,MobilePhone,HomePhone,OtherPhone,AssistantPhone,ReportsToId,Email,Title,Department,AssistantName,LeadSource,Birthdate,Description,EmailBouncedReason,EmailBouncedDate,ContactSource
EX-0001003,EX-0001004,Young,Andy,Mr,1301 Hoch Drive,Lawrence,KS,66045,USA,,,,1301 Hoch Drive,Lawrence,KS,66045,USA,,,,(785) 241-6200,,(785) 265-5350,,,,,a_young@dickenson.com,"SVP, Operations",Internal Operations,,Purchased List,,,,,
EX-0001002,EX-0001003,Stumuller,Pat,Ms.,2 Place Jussieu,Paris,,75251,France,,,,2 Place Jussieu,Paris,,75251,France,,,,(014) 427-4427,(014) 427-4428,(014) 454-6364,,,(014) 427-4465,,pat@pyramid.net,"SVP, Administration and Finance",Finance,Jean Marie,,,,,,
EX-0001005,EX-0001012,Song,Arthur,Mr.,,,,,,,,,"1301 Avenue of the Americas 
New York, NY 10019
USA",,,,,,,,(212) 842-5500,(212) 842-5501,(212) 842-4535,,,(212) 842-5464,,asong@uog.com,CEO,Executive Team,Pat Feinstein,Public Relations,1956-11-16,,,,
EX-0001001,EX-0001002,Rogers,Jack,Mr.,,,,,,,,,525 S. Lexington Ave,Burlington,NC,27215,USA,,,,(336) 222-7000,(336) 222-8000,,,,,,jrogers@burlington.com,"VP, Facilities",,,Web,,,,,
EX-0001009,EX-0001014,Ripley,Tom,Mr.,,,,,,,,,"9 Tagore Lane
Singapore, Singapore 787472
Singapore",,,,,,,,(650) 450-8810,(650) 450-8820,(650) 345-7636,,,,,tripley@uog.com,Regional General Manager,Executive Team,,Public Relations,1955-09-23,,,,
EX-0001005,EX-0001007,Pavlova,Stella,Ms.,,,,,,,,,"1303 Avenue of the Americas 
New York, NY 10019
USA",,,,,,,,(212) 842-5500,(212) 842-5501,(212) 842-5501,,(212) 842-5543,(212) 842-5589,,spavlova@uog.com,"SVP, Production",Production,Audrey Haynes,Public Relations,1948-07-21,,,,
EX-0001011,EX-0001018,Nedaerk,Siddartha,Ms.,,,,,,,,,The Landmark @ One Market,San Francisco,CA,94087,US,,,,,,,,,,,,,,,,,,,,
EX-0001011,EX-0001019,Llorrac,Jake,Mr.,,,,,,,,,,,,,,,,,,,,,,,,,,,,,,,,,
EX-0001006,EX-0001009,Levy,Babara,Ms.,,,,,,,,,"620 SW 5th Avenue Suite 400
Portland, Oregon 97204
United States",,,,,,,,(503) 421-7800,(503) 421-7801,(503) 421-5451,,,(503) 421-6782,,b.levy@expressl&t.net,"SVP, Operations",Operations,Ron Sage,Word of mouth,1942-03-07,,,,
EX-0001008,EX-0001013,James,Ashley,Ms.,,,,,,,,,"Kings Park, 17th Avenue, Team Valley Trading Estate,
Gateshead, Tyne and Wear NE26 3HS
United Kingdom",,,,,,,,+44 191 4956203,+44 191 4956620,+44 191 3456234,,,,,ajames@uog.com,"VP, Finance",Finance,,Public Relations,1951-07-27,,,,
EX-0001007,EX-0001011,Grey,Jane,Ms.,,,,,,,,,"888 N Euclid 
Hallis Center, Room 501
Tucson, AZ 85721
United States",,,,,,,,(520) 773-9050,(520) 773-9060,(520) 773-4539,,,,,jane_gray@uoa.edu,Dean of Administration,Administration,,Word of mouth,1949-05-18,,,,
EX-0001005,EX-0001017,Green,Avi,Mr.,,,,,,,,,"1302 Avenue of the Americas 
New York, NY 10019
USA",,,,,,,,(212) 842-5500,(212) 842-5501,(212) 842-2383,,,(212) 842-5428,,agreen@uog.com,CFO,Finance,Chris Nobel,Public Relations,1938-10-28,,,,
EX-0001000,EX-0001000,Gonzalez,Rose,Ms.,,,,,,,,,"313 Constitution Place
Austin, TX 78767
USA",,,,,,,,(512) 757-6000,(512) 757-9000,(512) 757-9340,,,,,rose@edge.com,"SVP, Procurement",Procurement,,Trade Show,1973-03-30,,,,
EX-0001010,EX-0001016,Frank,Edna,Ms.,,,,,,,,,"345 Shoreline Park
Mountain View, CA 94043
USA",,,,,,,,(650) 867-3450,(650) 867-9895,(650) 867-7686,,,,,efrank@genepoint.com,"VP, Technology",Technology,,Partner,1947-06-10,,,,
EX-0001000,EX-0001001,Forbes,Sean,Mr.,,,,,,,,,"312 Constitution Place
Austin, TX 78767
USA",,,,,,,,(512) 757-6000,(512) 757-9000,(512) 757-4561,,,,,sean@edge.com,CFO,Finance,,Trade Show,1951-12-27,,,,
EX-0001006,EX-0001010,Davis,Josh,Mr.,,,,,,,,,"621 SW 5th Avenue Suite 400
Portland, Oregon 97204
United States",,,,,,,,(503) 421-7800,(503) 421-7801,(503) 421-4387,,,,,j.davis@expressl&t.net,"Director, Warehouse Mgmt",Warehouse Mgmt,,Word of mouth,1953-07-01,,,,
EX-0001009,EX-0001015,D'Cruz,Liz,Ms.,,,,,,,,,"10 Tagore Lane
Singapore, Singapore 787472
Singapore",,,,,,,,(650) 450-8810,(650) 450-8820,(650) 345-6637,,,,,ldcruz@uog.com,"VP, Production",Production,,Public Relations,1967-01-03,,,,
EX-0001005,EX-0001008,Boyle,Lauren,Ms.,,,,,,,,,"1304 Avenue of the Americas 
New York, NY 10019
USA",,,,,,,,(212) 842-5500,(212) 842-5501,(212) 842-5611,,,,,lboyle@uog.com,"SVP, Technology",Technology,,Public Relations,1965-09-03,,,,
EX-0001004,EX-0001006,Bond,John,Mr.,,,,,,,,,"2334 N. Michigan Avenue, Suite 1500
Chicago, IL 60601, USA",,,,,,,,(312) 596-1000,(312) 596-1500,(312) 596-1563,,,,,bond_john@grandhotels.com,"VP, Facilities",Facilities,,External Referral,1961-02-04,,,,
EX-0001004,EX-0001005,Barr,Tim,Mr.,,,,,,,,,"2335 N. Michigan Avenue, Suite 1500
Chicago, IL 60601, USA",,,,,,,,(312) 596-1000,(312) 596-1500,(312) 596-1230,,,,,barr_tim@grandhotels.com,"SVP, Administration and Finance",Finance,,External Referral,1958-11-24,,,,
